dataPlatform,schema,dataset,class,field,sqlDataType,sourceDataType,sourceEntityType,sourceNullable,columnSize,definedBy,ordinalPosition,pk,pii,classification,V3
BILLING_DB,public,balance,balance,available_amount,-5,int8,Column,TRUE,19,INTEGER,4,,,,
BILLING_DB,public,balance,balance,balance_id,-5,int8,Column,FALSE,19,INTEGER,2,true,,,
BILLING_DB,public,balance,balance,balance_ref_id,-5,int8,Column,TRUE,19,INTEGER,3,,,,
BILLING_DB,public,balance,balance,reset_amount,-5,int8,Column,TRUE,19,INTEGER,5,,,,
BILLING_DB,public,balance,balance,reset_date,93,timestamp,Column,TRUE,29,DATETIME,6,,,,
BILLING_DB,public,balance,balance,subscriber_id,-5,int8,Column,TRUE,19,INTEGER,1,,,,
BILLING_DB,public,contract_offer_mapping,contract_offer_mapping,contract_ref_id,-5,int8,Column,TRUE,19,INTEGER,1,,,,
BILLING_DB,public,contract_offer_mapping,contract_offer_mapping,offer_contract_description,12,varchar,Column,TRUE,200,STRING,3,,,,
BILLING_DB,public,contract_offer_mapping,contract_offer_mapping,offer_ref_id,-5,int8,Column,TRUE,19,INTEGER,2,,,,
BILLING_DB,public,invoice,invoice,balance,-5,int8,Column,TRUE,19,INTEGER,6,,,,
BILLING_DB,public,invoice,invoice,due_date,93,timestamp,Column,TRUE,29,DATETIME,4,,,,
BILLING_DB,public,invoice,invoice,invoice_id,-5,int8,Column,FALSE,19,INTEGER,2,true,,,
BILLING_DB,public,invoice,invoice,invoice_image,-2,bytea,Column,TRUE,2147483647,BYTES,7,,,STATEMENT,
BILLING_DB,public,invoice,invoice,issued_date,93,timestamp,Column,TRUE,29,DATETIME,3,,,,
BILLING_DB,public,invoice,invoice,status,12,varchar,Column,TRUE,2000,STRING,5,,,,
BILLING_DB,public,invoice,invoice,subscriber_id,-5,int8,Column,TRUE,19,INTEGER,1,,,,
BILLING_DB,public,offer,offer,from_date,93,timestamp,Column,TRUE,29,DATETIME,5,,,,
BILLING_DB,public,offer,offer,offer_description,12,varchar,Column,TRUE,200,STRING,4,,,,
BILLING_DB,public,offer,offer,offer_id,-5,int8,Column,FALSE,19,INTEGER,2,true,,,
BILLING_DB,public,offer,offer,offer_ref_id,-5,int8,Column,TRUE,19,INTEGER,3,,,,
BILLING_DB,public,offer,offer,subscriber_id,-5,int8,Column,TRUE,19,INTEGER,1,,,,
BILLING_DB,public,offer,offer,to_date,93,timestamp,Column,TRUE,29,DATETIME,6,,,,
BILLING_DB,public,payment,payment,amount,12,varchar,Column,TRUE,200,STRING,5,,,,
BILLING_DB,public,payment,payment,invoice_id,-5,int8,Column,TRUE,19,INTEGER,1,,,,
BILLING_DB,public,payment,payment,issued_date,93,timestamp,Column,TRUE,29,DATETIME,3,,,,
BILLING_DB,public,payment,payment,payment_id,-5,int8,Column,FALSE,19,INTEGER,2,true,,,
BILLING_DB,public,payment,payment,status,12,varchar,Column,TRUE,200,STRING,4,,,,
BILLING_DB,public,subscriber,subscriber,first_name,12,varchar,Column,TRUE,200,STRING,5,,true,FIRST_NAME,
BILLING_DB,public,subscriber,subscriber,imsi,12,varchar,Column,TRUE,200,STRING,3,,,DEVICE_ID,
BILLING_DB,public,subscriber,subscriber,last_name,12,varchar,Column,TRUE,200,STRING,6,,true,LAST_NAME,
BILLING_DB,public,subscriber,subscriber,msisdn,12,varchar,Column,TRUE,200,STRING,2,,true,TELEPHONE_NUMBER,
BILLING_DB,public,subscriber,subscriber,sim,12,varchar,Column,TRUE,200,STRING,4,,true,CREDIT_CARD,
BILLING_DB,public,subscriber,subscriber,subscriber_id,-5,int8,Column,FALSE,19,INTEGER,1,true,,,
BILLING_DB,public,subscriber,subscriber,subscriber_type,12,varchar,Column,TRUE,200,STRING,7,,,,
BILLING_DB,public,subscriber,subscriber,vip_status,12,varchar,Column,TRUE,200,STRING,8,,,,
,,,,,,,,,,,,,,,